<DATE>	<TIME>	<OPEN>	<HIGH>	<LOW>	<CLOSE>	<TICKVOL>	<VOL>	<SPREAD>
2025.11.24	09:00:00	5443.835	5443.835	5433.768	5435.782	15281	55896	1
2025.11.24	09:05:00	5436.285	5437.292	5430.245	5431.755	11810	38422	1
2025.11.24	09:10:00	5431.252	5437.292	5431.252	5433.265	10388	34653	1
2025.11.24	09:15:00	5433.265	5439.305	5431.755	5436.285	12665	49062	1
2025.11.24	09:20:00	5435.782	5436.285	5431.755	5432.258	7561	22349	1
2025.11.24	09:25:00	5432.258	5433.768	5430.749	5432.258	6307	21646	1
2025.11.24	09:30:00	5431.755	5432.258	5425.212	5425.715	14181	53076	1
2025.11.24	09:35:00	5426.219	5428.735	5425.212	5427.225	5739	21077	1
2025.11.24	09:40:00	5427.225	5428.232	5423.702	5424.205	9159	34420	1
2025.11.24	09:45:00	5424.205	5427.729	5422.192	5427.729	9928	41137	1
2025.11.24	09:50:00	5427.729	5429.742	5426.219	5429.239	8249	30139	1
2025.11.24	09:55:00	5428.735	5431.252	5427.729	5430.245	7147	26924	1
2025.11.24	10:00:00	5430.245	5436.788	5429.239	5433.265	12900	54640	1
2025.11.24	10:05:00	5433.768	5437.292	5432.762	5436.788	7816	34002	1
2025.11.24	10:10:00	5436.285	5442.828	5436.285	5441.318	12148	46333	1
2025.11.24	10:15:00	5441.318	5443.331	5439.305	5442.828	7180	27498	1
2025.11.24	10:20:00	5442.828	5443.835	5441.318	5442.828	5822	22865	1
2025.11.24	10:25:00	5442.828	5446.855	5441.318	5443.835	12889	53111	1
2025.11.24	10:30:00	5443.835	5445.345	5439.305	5439.305	10107	35712	1
2025.11.24	10:35:00	5439.808	5441.821	5439.808	5441.821	4637	17666	1
2025.11.24	10:40:00	5441.318	5443.331	5440.815	5441.821	5547	28366	1
2025.11.24	10:45:00	5441.318	5445.848	5440.311	5442.325	7596	31256	1
2025.11.24	10:50:00	5442.828	5444.338	5441.821	5444.338	3174	12611	1
2025.11.24	10:55:00	5443.835	5450.378	5443.331	5449.371	11184	42624	1
2025.11.24	11:00:00	5449.371	5450.378	5444.841	5446.351	8395	37796	1
2025.11.24	11:05:00	5446.855	5450.881	5446.351	5449.371	7343	31916	1
2025.11.24	11:10:00	5448.868	5449.371	5446.351	5448.364	4207	17949	1
2025.11.24	11:15:00	5448.364	5449.371	5445.848	5446.855	3043	14517	1
2025.11.24	11:20:00	5446.351	5447.358	5438.298	5438.298	11547	40889	1
2025.11.24	11:25:00	5438.802	5440.311	5434.272	5435.278	11954	48465	1
2025.11.24	11:30:00	5435.278	5436.788	5429.742	5433.265	14242	60264	1
2025.11.24	11:35:00	5433.265	5438.298	5432.762	5436.285	8496	36491	1
2025.11.24	11:40:00	5436.285	5438.802	5433.768	5437.795	6786	24557	1
2025.11.24	11:45:00	5438.298	5440.815	5434.775	5439.305	8889	33039	1
2025.11.24	11:50:00	5439.305	5442.325	5437.795	5438.802	8501	31723	1
2025.11.24	11:55:00	5438.802	5439.305	5435.782	5438.298	5862	21639	1
2025.11.24	12:00:00	5437.795	5438.298	5434.775	5437.292	5317	19461	1
2025.11.24	12:05:00	5436.788	5438.298	5433.265	5435.278	8785	44760	1
2025.11.24	12:10:00	5434.775	5437.795	5434.272	5435.782	5773	31020	1
2025.11.24	12:15:00	5436.285	5439.808	5435.278	5439.305	4357	18214	1
2025.11.24	12:20:00	5439.305	5441.318	5437.795	5440.815	4766	18128	1
2025.11.24	12:25:00	5440.815	5441.821	5438.802	5438.802	3476	14273	1
2025.11.24	12:30:00	5439.305	5440.815	5436.788	5436.788	4481	20460	1
2025.11.24	12:35:00	5436.788	5437.292	5434.775	5435.782	4861	23188	1
2025.11.24	12:40:00	5435.278	5438.802	5435.278	5435.278	3663	16589	1
2025.11.24	12:45:00	5435.278	5436.788	5432.762	5433.265	4615	21662	1
2025.11.24	12:50:00	5433.768	5438.802	5433.265	5436.285	5897	31441	1
2025.11.24	12:55:00	5436.788	5438.298	5433.768	5435.782	5315	27333	1
2025.11.24	13:00:00	5435.782	5436.285	5432.762	5433.768	6405	34815	1
2025.11.24	13:05:00	5433.265	5435.278	5432.258	5435.278	2125	8262	1
2025.11.24	13:10:00	5435.278	5435.782	5434.272	5434.775	1441	6361	1
2025.11.24	13:15:00	5434.775	5436.788	5433.265	5434.272	2840	15523	1
2025.11.24	13:20:00	5434.272	5436.788	5432.762	5436.285	2854	16367	1
2025.11.24	13:25:00	5435.782	5439.305	5435.278	5438.802	3097	13914	1
2025.11.24	13:30:00	5438.298	5442.325	5438.298	5438.298	5335	24371	1
2025.11.24	13:35:00	5438.802	5440.815	5438.298	5440.815	1548	8422	1
2025.11.24	13:40:00	5440.311	5442.325	5439.305	5439.808	2746	12225	1
2025.11.24	13:45:00	5440.311	5440.311	5438.802	5438.802	1918	10172	1
2025.11.24	13:50:00	5439.305	5441.821	5439.305	5440.311	2016	12576	1
2025.11.24	13:55:00	5440.815	5441.821	5438.298	5438.298	2188	9102	1
2025.11.24	14:00:00	5438.802	5439.305	5436.788	5437.292	2904	12776	1
2025.11.24	14:05:00	5437.795	5439.808	5437.292	5438.802	2667	13398	1
2025.11.24	14:10:00	5438.802	5439.808	5436.788	5436.788	1847	8187	1
2025.11.24	14:15:00	5437.292	5438.802	5436.285	5438.298	2050	7677	1
2025.11.24	14:20:00	5438.802	5439.305	5437.292	5437.795	1504	7300	1
2025.11.24	14:25:00	5437.292	5439.305	5437.292	5437.795	1880	7725	1
2025.11.24	14:30:00	5438.298	5439.305	5436.788	5436.788	1537	6253	1
2025.11.24	14:35:00	5437.292	5438.298	5436.285	5437.795	2332	11387	1
2025.11.24	14:40:00	5437.795	5438.298	5434.775	5436.788	3468	14943	1
2025.11.24	14:45:00	5436.285	5438.298	5435.782	5437.795	1531	6789	1
2025.11.24	14:50:00	5437.795	5437.795	5436.285	5436.285	1605	6579	1
2025.11.24	14:55:00	5436.788	5438.298	5436.285	5438.298	1271	6805	1
2025.11.24	15:00:00	5438.298	5438.298	5436.285	5437.292	1517	6353	1
2025.11.24	15:05:00	5437.292	5437.795	5436.285	5437.292	1473	6578	1
2025.11.24	15:10:00	5437.292	5438.298	5436.285	5436.788	960	4736	1
2025.11.24	15:15:00	5436.788	5437.795	5435.782	5437.795	1848	6382	1
2025.11.24	15:20:00	5437.795	5438.298	5436.788	5437.795	741	3255	1
2025.11.24	15:25:00	5437.292	5438.802	5437.292	5438.298	1386	6292	1
2025.11.24	15:30:00	5437.795	5442.325	5437.795	5440.815	4542	21308	1
2025.11.24	15:35:00	5440.815	5441.318	5436.788	5436.788	3015	16167	1
2025.11.24	15:40:00	5437.292	5439.305	5436.788	5438.298	1668	8120	1
2025.11.24	15:45:00	5438.802	5440.311	5438.298	5439.305	1672	7916	1
2025.11.24	15:50:00	5439.305	5439.305	5436.788	5436.788	1724	6660	1
2025.11.24	15:55:00	5436.788	5437.292	5433.265	5434.775	7829	36349	1
2025.11.24	16:00:00	5434.775	5436.788	5434.272	5436.285	2071	9802	1
2025.11.24	16:05:00	5436.285	5436.788	5435.278	5435.782	1167	4462	1
2025.11.24	16:10:00	5435.782	5436.788	5435.278	5436.285	1275	6248	1
2025.11.24	16:15:00	5436.285	5437.795	5436.285	5436.788	1382	5864	1
2025.11.24	16:20:00	5436.285	5437.795	5436.285	5436.788	1371	5804	1
2025.11.24	16:25:00	5436.788	5437.795	5435.782	5436.285	1100	6295	1
2025.11.24	16:30:00	5436.285	5436.788	5435.278	5436.285	1231	6712	1
2025.11.24	16:35:00	5435.782	5437.292	5435.782	5436.788	1021	4758	1
2025.11.24	16:40:00	5437.292	5438.298	5435.782	5437.795	2504	13294	1
2025.11.24	16:45:00	5437.795	5437.795	5436.788	5437.795	1968	8684	1
2025.11.24	16:50:00	5437.795	5438.298	5436.788	5438.298	1227	6808	1
2025.11.24	16:55:00	5437.795	5438.298	5436.788	5437.795	2021	8292	1
2025.11.24	17:00:00	5437.795	5438.298	5436.285	5436.788	2023	13734	1
2025.11.24	17:05:00	5436.788	5437.795	5436.788	5437.292	918	3243	1
2025.11.24	17:10:00	5437.795	5437.795	5436.285	5436.788	986	4103	1
2025.11.24	17:15:00	5436.788	5437.292	5435.782	5435.782	1038	4013	1
2025.11.24	17:20:00	5435.782	5436.285	5433.768	5434.272	2324	10144	1
2025.11.24	17:25:00	5434.272	5435.782	5433.768	5434.775	1060	4226	1
2025.11.24	17:30:00	5434.775	5435.782	5432.762	5433.265	2319	13855	1
2025.11.24	17:35:00	5433.265	5433.768	5432.762	5433.768	1125	6098	1
2025.11.24	17:40:00	5433.265	5433.768	5432.762	5433.265	838	4544	1
2025.11.24	17:45:00	5433.265	5433.265	5432.258	5432.762	1009	4914	1
2025.11.24	17:50:00	5432.258	5433.265	5431.755	5432.762	1459	7502	1
2025.11.24	17:55:00	5433.265	5433.768	5432.258	5432.762	1627	6585	1
2025.11.24	18:00:00	5433.265	5433.265	5431.252	5431.755	1183	8054	1
2025.11.24	18:05:00	5432.258	5432.258	5431.252	5431.252	582	1832	1
2025.11.24	18:10:00	5431.755	5433.768	5427.729	5427.729	2933	20435	1
2025.11.24	18:15:00	5427.729	5430.245	5427.729	5428.232	1370	6296	1
2025.11.24	18:20:00	5428.735	5432.762	5428.232	5431.252	1371	13857	1
2025.11.24	18:25:00	5430.749	5431.755	5429.239	5430.245	671	4615	1
2025.11.25	09:00:00	5427.729	5427.729	5416.152	5418.166	18122	68274	1
2025.11.25	09:05:00	5418.166	5423.199	5417.662	5419.676	9525	31669	1
2025.11.25	09:10:00	5419.172	5421.689	5418.166	5421.186	5396	17687	1
2025.11.25	09:15:00	5421.689	5422.192	5414.642	5415.649	14192	52148	1
2025.11.25	09:20:00	5415.649	5416.656	5413.133	5415.146	7893	31441	1
2025.11.25	09:25:00	5415.146	5417.662	5414.642	5417.159	5902	19305	1
2025.11.25	09:30:00	5416.656	5418.669	5413.133	5416.152	9137	33415	1
2025.11.25	09:35:00	5415.649	5420.179	5415.146	5419.676	7186	26940	1
2025.11.25	09:40:00	5419.676	5420.179	5406.589	5413.133	20577	75889	1
2025.11.25	09:45:00	5413.133	5417.662	5412.126	5415.146	11281	40975	1
2025.11.25	09:50:00	5415.649	5416.656	5411.623	5414.642	11178	55348	1
2025.11.25	09:55:00	5414.642	5414.642	5409.106	5409.609	8118	33179	1
2025.11.25	10:00:00	5410.113	5410.616	5407.596	5409.609	8438	38969	1
2025.11.25	10:05:00	5409.106	5410.113	5401.556	5404.073	15470	71117	1
2025.11.25	10:10:00	5403.570	5408.099	5401.053	5406.589	14737	71778	1
2025.11.25	10:15:00	5406.086	5407.093	5400.046	5402.060	10071	42848	1
2025.11.25	10:20:00	5402.060	5402.563	5399.040	5401.556	6483	22945	1
2025.11.25	10:25:00	5401.556	5402.060	5398.033	5398.536	5363	25110	1
2025.11.25	10:30:00	5398.536	5404.073	5394.007	5403.570	15487	73389	1
2025.11.25	10:35:00	5403.066	5404.073	5400.550	5402.060	6895	35878	1
2025.11.25	10:40:00	5402.060	5404.073	5399.543	5403.570	6671	25444	1
2025.11.25	10:45:00	5404.073	5406.589	5403.066	5406.589	7917	26979	1
2025.11.25	10:50:00	5406.589	5409.609	5405.583	5409.609	7740	35856	1
2025.11.25	10:55:00	5409.609	5411.119	5408.099	5408.099	6959	29987	1
2025.11.25	11:00:00	5408.099	5411.119	5408.099	5411.119	6516	29011	1
2025.11.25	11:05:00	5410.616	5416.656	5410.113	5415.649	12120	60388	1
2025.11.25	11:10:00	5415.649	5417.662	5413.636	5417.159	7912	38937	1
2025.11.25	11:15:00	5417.159	5425.715	5417.159	5425.212	13756	61890	1
2025.11.25	11:20:00	5424.709	5428.232	5423.702	5427.225	9733	45436	1
2025.11.25	11:25:00	5426.722	5429.239	5424.709	5429.239	8473	37434	1
2025.11.25	11:30:00	5429.239	5429.742	5423.199	5425.715	10324	38420	1
2025.11.25	11:35:00	5425.212	5427.729	5422.192	5427.225	8155	31421	1
2025.11.25	11:40:00	5427.729	5437.795	5427.225	5436.788	17243	85494	1
2025.11.25	11:45:00	5436.788	5451.384	5436.285	5451.384	26414	130264	1
2025.11.25	11:50:00	5450.881	5451.384	5438.802	5443.331	16330	69429	1
2025.11.25	11:55:00	5442.828	5442.828	5436.285	5437.795	7784	33531	1
2025.11.25	12:00:00	5438.298	5438.802	5434.272	5435.782	8590	44318	1
2025.11.25	12:05:00	5435.782	5437.292	5429.742	5430.245	9256	46527	1
2025.11.25	12:10:00	5430.245	5433.768	5428.735	5430.749	7827	33615	1
2025.11.25	12:15:00	5430.749	5433.265	5429.742	5430.245	4656	19431	1
2025.11.25	12:20:00	5430.749	5432.258	5429.239	5429.239	4606	15153	1
2025.11.25	12:25:00	5429.239	5429.742	5424.205	5424.709	8061	33834	1
2025.11.25	12:30:00	5424.709	5425.715	5421.186	5422.695	6484	28675	1
2025.11.25	12:35:00	5423.199	5425.715	5417.662	5420.179	7743	34523	1
2025.11.25	12:40:00	5420.179	5423.702	5419.676	5422.695	4612	24486	1
2025.11.25	12:45:00	5422.695	5427.729	5422.192	5427.225	5920	30920	1
2025.11.25	12:50:00	5426.722	5433.265	5426.722	5431.252	8240	33449	1
2025.11.25	12:55:00	5430.749	5434.775	5429.742	5433.768	6911	33232	1
2025.11.25	13:00:00	5433.768	5435.278	5432.762	5434.775	6032	36052	1
2025.11.25	13:05:00	5434.775	5434.775	5431.252	5431.252	4131	21701	1
2025.11.25	13:10:00	5431.252	5434.272	5430.749	5432.762	2105	7397	1
2025.11.25	13:15:00	5432.762	5433.768	5427.225	5427.225	3500	14582	1
2025.11.25	13:20:00	5427.729	5430.749	5426.722	5429.239	3481	15503	1
2025.11.25	13:25:00	5429.742	5432.258	5428.735	5429.742	3052	15495	1
2025.11.25	13:30:00	5429.742	5430.749	5427.729	5428.232	2933	11022	1
2025.11.25	13:35:00	5428.735	5429.239	5424.709	5425.212	3857	18458	1
2025.11.25	13:40:00	5425.212	5429.239	5424.709	5426.722	2578	9434	1
2025.11.25	13:45:00	5427.225	5429.742	5425.715	5429.239	2269	9590	1
2025.11.25	13:50:00	5429.239	5429.239	5427.729	5427.729	1343	6325	1
2025.11.25	13:55:00	5427.729	5429.742	5427.225	5428.735	1518	6327	1
2025.11.25	14:00:00	5429.239	5430.749	5415.649	5426.722	18087	85762	1
2025.11.25	14:05:00	5426.722	5430.749	5424.709	5428.735	4986	24308	1
2025.11.25	14:10:00	5429.239	5431.252	5427.225	5430.749	3265	17291	1
2025.11.25	14:15:00	5430.245	5430.749	5425.715	5427.225	3755	17317	1
2025.11.25	14:20:00	5427.225	5427.729	5420.682	5421.186	4985	22132	1
2025.11.25	14:25:00	5421.186	5424.709	5419.676	5424.709	4976	24004	1
2025.11.25	14:30:00	5424.709	5425.212	5420.179	5421.689	4145	16258	1
2025.11.25	14:35:00	5422.192	5425.715	5421.689	5423.702	3102	13452	1
2025.11.25	14:40:00	5423.702	5425.212	5421.186	5423.199	2771	10983	1
2025.11.25	14:45:00	5423.199	5425.212	5421.689	5422.695	2416	8512	1
2025.11.25	14:50:00	5423.199	5424.205	5422.192	5422.192	1746	5976	1
2025.11.25	14:55:00	5422.192	5422.192	5418.669	5422.192	4936	23216	1
2025.11.25	15:00:00	5422.192	5422.192	5419.172	5420.179	2722	13308	1
2025.11.25	15:05:00	5419.676	5420.682	5415.649	5416.152	4696	22922	1
2025.11.25	15:10:00	5416.152	5419.172	5413.636	5416.656	7544	32952	1
2025.11.25	15:15:00	5416.656	5418.166	5416.152	5416.656	2537	8252	1
2025.11.25	15:20:00	5416.656	5417.662	5415.146	5416.152	2650	9569	1
2025.11.25	15:25:00	5416.152	5416.152	5414.139	5415.146	3006	15964	1
2025.11.25	15:30:00	5415.146	5417.159	5414.642	5415.649	2729	13033	1
2025.11.25	15:35:00	5415.146	5418.669	5414.642	5418.166	4283	17748	1
2025.11.25	15:40:00	5417.662	5419.172	5415.146	5416.152	2849	11268	1
2025.11.25	15:45:00	5416.152	5416.656	5414.642	5414.642	2684	13038	1
2025.11.25	15:50:00	5415.146	5416.152	5413.636	5414.642	4355	11422	1
2025.11.25	15:55:00	5414.642	5415.146	5413.133	5415.146	6070	19522	1
2025.11.25	16:00:00	5415.146	5415.146	5411.119	5411.623	4270	18997	1
2025.11.25	16:05:00	5412.126	5412.629	5410.113	5410.113	3493	15319	1
2025.11.25	16:10:00	5410.113	5411.623	5409.609	5411.623	2900	13294	1
2025.11.25	16:15:00	5411.623	5412.629	5411.119	5412.126	1970	8286	1
2025.11.25	16:20:00	5412.126	5413.133	5411.623	5412.629	1602	7916	1
2025.11.25	16:25:00	5412.629	5415.146	5412.629	5414.642	2515	11113	1
2025.11.25	16:30:00	5414.139	5414.642	5413.133	5413.636	1418	6395	1
2025.11.25	16:35:00	5413.133	5415.649	5413.133	5414.642	2338	11227	1
2025.11.25	16:40:00	5414.642	5415.649	5413.636	5414.139	1470	8008	1
2025.11.25	16:45:00	5414.139	5416.152	5414.139	5415.649	1522	9589	1
2025.11.25	16:50:00	5416.152	5417.662	5415.146	5415.649	3437	18178	1
2025.11.25	16:55:00	5416.152	5416.152	5413.133	5414.642	2630	11442	1
2025.11.25	17:00:00	5414.642	5416.152	5414.139	5414.642	2403	9417	1
2025.11.25	17:05:00	5414.642	5417.159	5413.133	5416.656	2402	13830	1
2025.11.25	17:10:00	5417.159	5417.159	5415.649	5416.152	1203	5955	1
2025.11.25	17:15:00	5416.152	5419.676	5416.152	5419.676	3414	19195	1
2025.11.25	17:20:00	5419.172	5420.179	5418.166	5418.669	1530	6527	1
2025.11.25	17:25:00	5418.669	5420.179	5418.166	5419.676	960	4504	1
2025.11.25	17:30:00	5419.172	5420.179	5417.662	5418.669	1878	11020	1
2025.11.25	17:35:00	5418.669	5420.682	5418.669	5420.179	1282	7020	1
2025.11.25	17:40:00	5420.179	5420.682	5419.676	5420.682	625	2262	1
2025.11.25	17:45:00	5420.179	5421.186	5419.676	5420.682	959	4321	1
2025.11.25	17:50:00	5420.682	5425.715	5419.676	5424.709	4314	22457	1
2025.11.25	17:55:00	5424.709	5427.729	5423.199	5425.715	3434	22277	1
2025.11.25	18:00:00	5425.212	5425.715	5420.682	5421.689	2112	12878	1
2025.11.25	18:05:00	5421.186	5421.689	5418.166	5418.166	1017	5982	1
2025.11.25	18:10:00	5418.166	5419.676	5418.166	5418.669	655	5038	1
2025.11.25	18:15:00	5419.172	5420.682	5418.166	5419.172	922	5452	1
2025.11.25	18:20:00	5419.172	5420.682	5417.662	5420.179	828	4983	1
2025.11.25	18:25:00	5420.179	5420.682	5418.669	5420.682	876	5130	1
2025.11.26	09:00:00	5420.682	5421.689	5411.623	5419.172	16310	53073	1
2025.11.26	09:05:00	5419.172	5420.682	5415.649	5419.676	8368	29270	1
2025.11.26	09:10:00	5419.676	5420.682	5414.139	5415.649	8045	28043	1
2025.11.26	09:15:00	5415.649	5420.179	5413.636	5418.669	8600	29895	1
2025.11.26	09:20:00	5418.166	5419.676	5415.649	5418.166	4612	14140	1
2025.11.26	09:25:00	5418.166	5418.669	5414.139	5414.642	4228	14256	1
2025.11.26	09:30:00	5414.642	5417.159	5414.139	5416.152	4625	17786	1
2025.11.26	09:35:00	5416.152	5425.715	5415.649	5423.702	15725	51281	1
2025.11.26	09:40:00	5423.702	5428.232	5422.192	5425.212	12661	52519	1
2025.11.26	09:45:00	5425.715	5426.722	5422.192	5423.702	7243	29167	1
2025.11.26	09:50:00	5424.205	5425.212	5422.192	5422.695	3706	12988	1
2025.11.26	09:55:00	5423.199	5423.702	5420.682	5421.689	4881	17899	1
2025.11.26	10:00:00	5421.689	5421.689	5412.629	5414.642	18065	67305	1
2025.11.26	10:05:00	5414.139	5415.649	5410.616	5414.642	10291	37309	1
2025.11.26	10:10:00	5414.642	5417.662	5413.133	5416.152	8120	25754	1
2025.11.26	10:15:00	5416.152	5417.159	5413.636	5414.642	5268	18567	1
2025.11.26	10:20:00	5415.146	5415.649	5412.629	5415.649	6895	26149	1
2025.11.26	10:25:00	5415.649	5415.649	5409.609	5410.616	8976	41351	1
2025.11.26	10:30:00	5411.119	5417.159	5411.119	5415.649	9116	39557	1
2025.11.26	10:35:00	5415.649	5419.172	5414.642	5414.642	9678	37289	1
2025.11.26	10:40:00	5414.642	5418.166	5410.113	5416.656	13870	51088	1
2025.11.26	10:45:00	5416.152	5419.676	5415.649	5416.152	7107	22877	1
2025.11.26	10:50:00	5416.152	5417.662	5412.126	5414.139	6532	21967	1
2025.11.26	10:55:00	5414.139	5419.676	5414.139	5417.159	8287	29000	1
2025.11.26	11:00:00	5417.159	5419.676	5415.649	5415.649	6506	25172	1
2025.11.26	11:05:00	5416.152	5419.676	5415.649	5419.676	4152	14578	1
2025.11.26	11:10:00	5419.172	5420.179	5417.662	5418.669	4657	22221	1
2025.11.26	11:15:00	5418.669	5420.179	5415.649	5416.656	5299	22587	1
2025.11.26	11:20:00	5416.152	5418.166	5415.649	5418.166	3040	11028	1
2025.11.26	11:25:00	5417.662	5418.166	5414.642	5416.152	5370	23293	1
2025.11.26	11:30:00	5416.152	5417.159	5407.093	5408.603	14707	52853	1
2025.11.26	11:35:00	5408.099	5414.139	5407.596	5410.113	10218	38006	1
2025.11.26	11:40:00	5410.616	5413.636	5410.113	5411.119	4773	21048	1
2025.11.26	11:45:00	5411.623	5411.623	5408.603	5409.609	4731	13587	1
2025.11.26	11:50:00	5409.106	5412.629	5408.603	5410.616	5287	18671	1
2025.11.26	11:55:00	5410.113	5411.119	5408.603	5410.616	4501	17541	1
2025.11.26	12:00:00	5410.113	5412.126	5407.093	5408.099	7958	45951	1
2025.11.26	12:05:00	5408.099	5408.603	5405.583	5406.589	6795	26563	1
2025.11.26	12:10:00	5407.093	5408.099	5405.080	5406.086	5153	20185	1
2025.11.26	12:15:00	5406.086	5406.589	5402.563	5403.066	7627	30360	1
2025.11.26	12:20:00	5402.563	5406.086	5402.060	5405.583	6288	22214	1
2025.11.26	12:25:00	5405.080	5406.086	5402.060	5403.570	3377	9989	1
2025.11.26	12:30:00	5403.570	5403.570	5400.550	5401.556	6353	24940	1
2025.11.26	12:35:00	5401.556	5401.556	5398.536	5399.543	5525	19939	1
2025.11.26	12:40:00	5399.543	5400.550	5398.033	5398.033	4414	14596	1
2025.11.26	12:45:00	5398.033	5399.040	5391.993	5393.000	10827	45153	1
2025.11.26	12:50:00	5393.000	5394.510	5389.477	5391.490	8044	30864	1
2025.11.26	12:55:00	5391.490	5393.000	5389.477	5390.987	8491	44422	1
2025.11.26	13:00:00	5391.490	5391.993	5383.437	5384.947	13665	64704	1
2025.11.26	13:05:00	5384.947	5388.974	5383.437	5388.470	8928	38730	1
2025.11.26	13:10:00	5387.967	5388.974	5383.940	5384.947	5233	20585	1
2025.11.26	13:15:00	5385.450	5385.954	5382.934	5385.450	3799	14613	1
2025.11.26	13:20:00	5385.954	5387.464	5384.947	5385.954	4009	15124	1
2025.11.26	13:25:00	5386.457	5388.974	5384.444	5386.960	4918	20942	1
2025.11.26	13:30:00	5386.960	5388.470	5385.450	5385.450	3533	17524	1
2025.11.26	13:35:00	5385.450	5388.974	5385.450	5386.457	3322	11229	1
2025.11.26	13:40:00	5386.960	5387.967	5385.954	5387.464	1608	6763	1
2025.11.26	13:45:00	5387.464	5387.967	5384.444	5386.457	2935	12873	1
2025.11.26	13:50:00	5386.457	5388.470	5385.954	5385.954	2714	10740	1
2025.11.26	13:55:00	5386.457	5388.470	5385.954	5387.464	1614	5922	1
2025.11.26	14:00:00	5386.960	5387.464	5384.947	5384.947	2408	11083	1
2025.11.26	14:05:00	5384.947	5385.450	5380.921	5381.927	8784	41075	1
2025.11.26	14:10:00	5381.927	5383.940	5381.424	5382.430	3097	14602	1
2025.11.26	14:15:00	5382.934	5382.934	5378.907	5381.424	5041	24999	1
2025.11.26	14:20:00	5381.424	5382.934	5379.914	5380.921	3848	21651	1
2025.11.26	14:25:00	5380.921	5383.940	5379.914	5380.417	3803	19335	1
2025.11.26	14:30:00	5380.921	5380.921	5377.397	5378.907	4916	25052	1
2025.11.26	14:35:00	5379.411	5380.417	5376.894	5376.894	3695	22011	1
2025.11.26	14:40:00	5376.894	5379.411	5375.887	5379.411	4887	22436	1
2025.11.26	14:45:00	5379.411	5379.914	5377.901	5378.404	2076	10016	1
2025.11.26	14:50:00	5378.907	5378.907	5377.397	5378.404	1532	6592	1
2025.11.26	14:55:00	5378.404	5378.907	5376.894	5378.907	1831	7629	1
2025.11.26	15:00:00	5378.404	5378.907	5375.887	5376.894	2695	11003	1
2025.11.26	15:05:00	5376.894	5381.424	5376.391	5381.424	6024	29521	1
2025.11.26	15:10:00	5381.424	5381.424	5376.391	5376.894	4188	19305	1
2025.11.26	15:15:00	5376.391	5378.404	5376.391	5376.894	1618	5000	1
2025.11.26	15:20:00	5376.894	5378.404	5375.887	5376.391	2195	8262	1
2025.11.26	15:25:00	5376.391	5376.894	5373.371	5373.874	5703	32775	1
2025.11.26	15:30:00	5373.874	5376.894	5373.371	5376.894	2849	13428	1
2025.11.26	15:35:00	5376.894	5377.901	5375.887	5376.894	2124	7341	1
2025.11.26	15:40:00	5376.391	5378.404	5375.887	5378.404	1821	9455	1
2025.11.26	15:45:00	5378.404	5378.907	5376.894	5377.901	2983	13822	1
2025.11.26	15:50:00	5377.397	5377.901	5375.384	5375.384	3021	10035	1
2025.11.26	15:55:00	5375.384	5376.391	5373.874	5374.377	3613	13766	1
2025.11.26	16:00:00	5374.881	5375.887	5373.874	5374.377	2298	13270	1
2025.11.26	16:05:00	5374.881	5375.887	5373.874	5375.384	1664	7453	1
2025.11.26	16:10:00	5375.384	5375.887	5374.881	5374.881	892	3140	1
2025.11.26	16:15:00	5374.881	5375.887	5374.377	5374.881	1246	5566	1
2025.11.26	16:20:00	5374.881	5375.384	5373.874	5374.377	1935	12553	1
2025.11.26	16:25:00	5374.377	5374.881	5372.364	5372.364	2454	12043	1
2025.11.26	16:30:00	5372.867	5374.377	5372.364	5373.371	2891	15422	1
2025.11.26	16:35:00	5373.371	5374.377	5371.861	5372.364	3334	16500	1
2025.11.26	16:40:00	5372.364	5373.371	5371.358	5371.358	3006	19800	1
2025.11.26	16:45:00	5371.861	5372.364	5370.351	5370.351	2935	16498	1
2025.11.26	16:50:00	5370.351	5370.854	5369.344	5370.351	2191	10338	1
2025.11.26	16:55:00	5369.848	5370.854	5368.841	5370.854	2583	11478	1
2025.11.26	17:00:00	5370.351	5372.867	5370.351	5371.358	3019	15696	1
2025.11.26	17:05:00	5371.358	5375.887	5370.854	5372.867	6781	40479	1
2025.11.26	17:10:00	5373.371	5374.377	5372.364	5372.867	2457	17120	1
2025.11.26	17:15:00	5373.371	5373.874	5372.867	5372.867	1102	4780	1
2025.11.26	17:20:00	5372.867	5373.371	5371.861	5371.861	819	3657	1
2025.11.26	17:25:00	5371.861	5373.371	5371.358	5373.371	1419	8551	1
2025.11.26	17:30:00	5372.867	5373.874	5372.364	5372.867	1174	5275	1
2025.11.26	17:35:00	5372.364	5373.371	5371.861	5372.364	1490	6903	1
2025.11.26	17:40:00	5372.364	5373.371	5371.358	5372.364	2040	10517	1
2025.11.26	17:45:00	5371.861	5373.874	5371.358	5373.371	1194	4984	1
2025.11.26	17:50:00	5373.874	5373.874	5372.364	5372.867	1601	7800	1
2025.11.26	17:55:00	5372.867	5372.867	5369.344	5369.344	3028	23675	1
2025.11.26	18:00:00	5369.344	5370.351	5367.331	5367.331	2747	12326	1
2025.11.26	18:05:00	5367.331	5368.338	5366.828	5368.338	2365	10233	1
2025.11.26	18:10:00	5367.834	5370.351	5367.331	5369.848	1383	6305	1
2025.11.26	18:15:00	5370.351	5371.861	5368.841	5371.358	2826	12820	1
2025.11.26	18:20:00	5371.358	5372.364	5369.848	5370.854	1258	7172	1
2025.11.26	18:25:00	5370.854	5371.358	5366.828	5370.854	1370	12285	1
2025.11.27	09:00:00	5375.384	5382.430	5365.821	5380.921	17412	71313	1
2025.11.27	09:05:00	5380.921	5385.954	5378.404	5380.921	11326	40642	1
2025.11.27	09:10:00	5380.417	5385.450	5378.404	5383.437	8223	35287	1
2025.11.27	09:15:00	5383.437	5384.444	5380.921	5382.934	4563	19661	1
2025.11.27	09:20:00	5382.430	5385.450	5380.921	5383.940	4498	15874	1
2025.11.27	09:25:00	5383.437	5384.444	5381.424	5381.927	3052	10040	1
2025.11.27	09:30:00	5381.927	5383.940	5380.921	5382.934	3089	11467	1
2025.11.27	09:35:00	5383.437	5385.450	5382.934	5383.437	3772	14107	1
2025.11.27	09:40:00	5383.437	5388.470	5382.934	5386.960	7742	25287	1
2025.11.27	09:45:00	5387.464	5389.477	5385.450	5388.470	6421	24070	1
2025.11.27	09:50:00	5387.967	5390.483	5384.444	5386.457	10414	38049	1
2025.11.27	09:55:00	5385.954	5387.464	5382.430	5384.947	5589	19744	1
2025.11.27	10:00:00	5385.450	5385.954	5380.921	5383.940	8226	29727	1
2025.11.27	10:05:00	5383.940	5385.450	5381.424	5384.947	3906	12693	1
2025.11.27	10:10:00	5384.947	5386.960	5382.934	5386.960	4408	19741	1
2025.11.27	10:15:00	5386.457	5387.464	5385.450	5386.960	4005	12672	1
2025.11.27	10:20:00	5387.464	5387.464	5383.940	5384.947	3924	14398	1
2025.11.27	10:25:00	5385.450	5385.450	5381.927	5382.430	4379	14265	1
2025.11.27	10:30:00	5382.430	5387.464	5381.927	5385.450	5317	17596	1
2025.11.27	10:35:00	5385.954	5387.464	5383.940	5384.444	2644	8406	1
2025.11.27	10:40:00	5384.444	5387.464	5384.444	5385.954	2390	8519	1
2025.11.27	10:45:00	5386.457	5386.960	5384.444	5385.954	2002	6848	1
2025.11.27	10:50:00	5385.954	5387.464	5384.444	5384.947	2660	10425	1
2025.11.27	10:55:00	5384.947	5388.470	5383.940	5384.947	4623	15418	1
2025.11.27	11:00:00	5384.947	5387.464	5384.947	5385.954	2427	9496	1
2025.11.27	11:05:00	5386.457	5386.960	5383.940	5385.954	3134	18616	1
2025.11.27	11:10:00	5386.457	5386.960	5385.450	5385.954	1490	5406	1
2025.11.27	11:15:00	5386.457	5388.470	5385.954	5387.967	1905	6249	1
2025.11.27	11:20:00	5388.470	5390.483	5387.967	5390.483	4143	15108	1
2025.11.27	11:25:00	5390.483	5390.483	5388.470	5389.980	2747	11569	1
2025.11.27	11:30:00	5390.483	5391.490	5387.967	5390.483	6578	28649	1
2025.11.27	11:35:00	5390.987	5393.000	5387.967	5389.477	5217	20543	1
2025.11.27	11:40:00	5389.477	5390.483	5387.967	5388.974	2366	8753	1
2025.11.27	11:45:00	5388.470	5389.980	5385.450	5388.974	6396	23884	1
2025.11.27	11:50:00	5389.477	5391.993	5388.974	5390.987	3265	13370	1
2025.11.27	11:55:00	5390.987	5392.497	5390.483	5390.987	2380	10187	1
2025.11.27	12:00:00	5390.987	5391.490	5386.960	5389.477	3894	15764	1
2025.11.27	12:05:00	5389.980	5391.490	5389.477	5390.483	1874	6557	1
2025.11.27	12:10:00	5389.980	5390.483	5386.960	5387.464	2458	8431	1
2025.11.27	12:15:00	5387.967	5387.967	5383.437	5384.947	5742	23534	1
2025.11.27	12:20:00	5385.450	5385.450	5382.934	5383.940	3111	11693	1
2025.11.27	12:25:00	5384.444	5385.450	5381.927	5384.947	3209	13748	1
2025.11.27	12:30:00	5385.450	5386.457	5384.947	5385.954	1736	6332	1
2025.11.27	12:35:00	5385.954	5386.457	5384.444	5386.457	1256	3894	1
2025.11.27	12:40:00	5386.457	5387.464	5384.947	5385.954	2029	6464	1
2025.11.27	12:45:00	5386.457	5386.960	5384.947	5385.954	1225	3850	1
2025.11.27	12:50:00	5385.954	5386.960	5385.450	5386.457	643	2340	1
2025.11.27	12:55:00	5386.457	5387.464	5384.947	5384.947	1826	6283	1
2025.11.27	13:00:00	5385.450	5386.457	5382.934	5384.444	3308	15264	1
2025.11.27	13:05:00	5384.444	5385.450	5382.430	5382.934	2186	10820	1
2025.11.27	13:10:00	5382.934	5383.437	5380.417	5381.424	4323	16488	1
2025.11.27	13:15:00	5381.424	5381.927	5380.417	5381.424	2016	8665	1
2025.11.27	13:20:00	5381.424	5382.934	5380.921	5380.921	2027	7559	1
2025.11.27	13:25:00	5380.921	5381.424	5375.887	5377.397	7165	26488	1
2025.11.27	13:30:00	5377.397	5379.411	5375.887	5378.907	3021	13756	1
2025.11.27	13:35:00	5378.404	5379.411	5377.901	5378.404	1020	2948	1
2025.11.27	13:40:00	5378.907	5379.914	5376.894	5379.914	1832	6161	1
2025.11.27	13:45:00	5379.914	5381.424	5379.411	5381.424	2415	6243	1
2025.11.27	13:50:00	5381.424	5382.934	5380.921	5381.927	2593	7795	1
2025.11.27	13:55:00	5381.927	5385.450	5381.927	5384.444	3107	11191	1
2025.11.27	14:00:00	5384.947	5385.450	5381.927	5382.934	3096	11902	1
2025.11.27	14:05:00	5382.934	5383.940	5381.424	5382.934	1846	7622	1
2025.11.27	14:10:00	5382.934	5384.947	5382.430	5383.437	1818	7883	1
2025.11.27	14:15:00	5383.437	5385.450	5382.934	5384.444	1622	6722	1
2025.11.27	14:20:00	5384.947	5386.960	5384.947	5385.450	2406	11240	1
2025.11.27	14:25:00	5385.450	5386.457	5384.947	5385.450	1835	8877	1
2025.11.27	14:30:00	5385.954	5387.464	5383.940	5387.464	2473	9886	1
2025.11.27	14:35:00	5387.464	5388.974	5386.457	5386.457	3395	15088	1
2025.11.27	14:40:00	5386.457	5388.470	5386.457	5387.464	1461	6297	1
2025.11.27	14:45:00	5387.464	5387.967	5386.457	5386.960	1045	4200	1
2025.11.27	14:50:00	5387.464	5387.967	5384.947	5384.947	2493	9555	1
2025.11.27	14:55:00	5384.947	5387.464	5384.947	5386.457	1010	4109	1
2025.11.27	15:00:00	5386.457	5386.960	5382.430	5382.934	3375	15458	1
2025.11.27	15:05:00	5382.934	5386.457	5381.424	5384.947	2652	12393	1
2025.11.27	15:10:00	5385.450	5385.450	5383.940	5384.947	1054	5743	1
2025.11.27	15:15:00	5385.450	5386.457	5384.947	5385.450	1074	5376	1
2025.11.27	15:20:00	5384.947	5385.450	5382.934	5384.444	1337	5444	1
2025.11.27	15:25:00	5383.940	5386.960	5383.940	5386.960	1360	4943	1
2025.11.27	15:30:00	5386.960	5389.980	5386.457	5389.477	3319	14830	1
2025.11.27	15:35:00	5389.980	5391.993	5388.974	5390.483	4151	20516	1
2025.11.27	15:40:00	5390.483	5391.993	5390.483	5390.987	1818	8868	1
2025.11.27	15:45:00	5391.490	5396.020	5390.987	5394.510	6618	26635	1
2025.11.27	15:50:00	5394.007	5395.517	5393.000	5393.503	2181	8472	1
2025.11.27	15:55:00	5393.503	5394.510	5392.497	5393.503	1989	9517	1
2025.11.27	16:00:00	5393.503	5394.510	5391.490	5391.490	2038	9235	1
2025.11.27	16:05:00	5391.490	5391.993	5388.470	5390.483	3409	15008	1
2025.11.27	16:10:00	5390.987	5393.000	5390.483	5393.000	1601	6544	1
2025.11.27	16:15:00	5393.000	5393.000	5391.993	5391.993	812	2901	1
2025.11.27	16:20:00	5392.497	5392.497	5391.490	5391.993	599	2474	1
2025.11.27	16:25:00	5392.497	5392.497	5391.490	5391.490	738	3395	1
2025.11.27	16:30:00	5391.490	5391.993	5390.483	5391.490	1324	5540	1
2025.11.27	16:35:00	5390.987	5392.497	5390.987	5391.490	676	4013	1
2025.11.27	16:40:00	5391.490	5391.993	5390.483	5390.987	922	4208	1
2025.11.27	16:45:00	5390.483	5391.993	5389.980	5390.987	877	4847	1
2025.11.27	16:50:00	5390.987	5390.987	5388.974	5388.974	1489	6826	1
2025.11.27	16:55:00	5389.477	5389.477	5387.967	5388.974	1225	5013	1
2025.11.27	17:00:00	5388.974	5390.987	5388.470	5390.483	1896	6536	1
2025.11.27	17:05:00	5390.483	5390.987	5388.974	5388.974	966	4963	1
2025.11.27	17:10:00	5389.477	5389.980	5388.974	5389.477	561	2209	1
2025.11.27	17:15:00	5388.974	5389.477	5388.974	5389.477	423	1348	1
2025.11.27	17:20:00	5389.477	5390.483	5388.974	5389.980	626	2351	1
2025.11.27	17:25:00	5389.980	5390.483	5389.477	5389.477	498	1830	1
2025.11.27	17:30:00	5389.477	5390.483	5388.470	5388.974	886	3257	1
2025.11.27	17:35:00	5388.974	5391.490	5388.470	5390.987	1374	7018	1
2025.11.27	17:40:00	5390.483	5392.497	5389.980	5390.987	870	3382	1
2025.11.27	17:45:00	5390.483	5391.490	5388.974	5389.477	556	1981	1
2025.11.27	17:50:00	5388.974	5389.980	5388.470	5389.477	678	3434	1
2025.11.27	17:55:00	5389.980	5391.993	5389.477	5390.483	1492	7986	1
2025.11.27	18:00:00	5390.483	5390.987	5389.980	5390.483	427	1738	1
2025.11.27	18:05:00	5390.987	5390.987	5389.477	5389.477	547	2468	1
2025.11.27	18:10:00	5389.477	5389.980	5386.457	5388.470	1209	9166	1
2025.11.27	18:15:00	5388.470	5389.477	5386.960	5388.974	916	5415	1
2025.11.27	18:20:00	5388.974	5389.477	5387.464	5388.470	466	3276	1
2025.11.27	18:25:00	5388.470	5393.000	5386.960	5393.000	672	4012	1
2025.11.28	09:00:00	5388.000	5390.000	5385.500	5387.000	5805	35385	1
2025.11.28	09:05:00	5387.500	5392.500	5381.500	5390.500	11604	53632	1
2025.11.28	09:10:00	5391.000	5394.500	5389.000	5390.500	7059	29468	1
2025.11.28	09:15:00	5390.500	5394.500	5390.000	5394.000	5173	20684	1
2025.11.28	09:20:00	5394.000	5396.000	5390.500	5392.000	6845	22574	1
2025.11.28	09:25:00	5392.000	5393.000	5388.000	5390.000	5984	22352	1
2025.11.28	09:30:00	5390.500	5392.000	5385.500	5387.000	6714	24938	1
2025.11.28	09:35:00	5387.500	5387.500	5383.500	5384.500	5828	22038	1
2025.11.28	09:40:00	5384.500	5386.500	5384.000	5384.500	3137	11251	1
2025.11.28	09:45:00	5384.500	5384.500	5376.500	5383.500	13952	52814	1
2025.11.28	09:50:00	5383.000	5384.000	5374.500	5379.000	9586	38959	1
2025.11.28	09:55:00	5379.500	5381.500	5375.000	5376.500	5091	22780	1
2025.11.28	10:00:00	5377.000	5377.000	5372.000	5374.500	9930	50245	1
2025.11.28	10:05:00	5374.500	5379.500	5373.500	5379.000	7735	46631	1
2025.11.28	10:10:00	5379.000	5384.000	5378.000	5383.000	6602	26844	1
2025.11.28	10:15:00	5383.000	5383.500	5377.000	5381.500	6917	28426	1
2025.11.28	10:20:00	5381.500	5383.500	5378.500	5379.000	5168	18365	1
2025.11.28	10:25:00	5378.500	5380.000	5376.000	5378.000	5260	17102	1
2025.11.28	10:30:00	5378.000	5380.000	5376.500	5379.500	4370	18100	1
2025.11.28	10:35:00	5379.000	5380.500	5374.000	5377.500	8162	35573	1
2025.11.28	10:40:00	5377.500	5382.500	5377.500	5381.000	5403	21490	1
2025.11.28	10:45:00	5381.500	5383.500	5375.000	5375.500	6734	28846	1
2025.11.28	10:50:00	5375.000	5375.500	5367.500	5369.000	12320	49899	1
2025.11.28	10:55:00	5369.500	5372.000	5365.500	5366.500	7759	37622	1
2025.11.28	11:00:00	5366.500	5367.500	5361.500	5366.000	11029	63982	1
2025.11.28	11:05:00	5366.000	5371.500	5366.000	5370.500	9276	57494	1
2025.11.28	11:10:00	5370.000	5371.000	5367.000	5370.000	3491	15200	1
2025.11.28	11:15:00	5369.500	5370.000	5366.000	5367.000	4109	19802	1
2025.11.28	11:20:00	5367.500	5369.000	5367.000	5368.000	2659	14081	1
2025.11.28	11:25:00	5368.500	5376.500	5368.000	5373.500	8433	39070	1
2025.11.28	11:30:00	5373.500	5376.000	5372.000	5372.000	5327	24901	1
2025.11.28	11:35:00	5372.000	5373.500	5366.500	5368.000	6851	28045	1
2025.11.28	11:40:00	5368.000	5371.000	5365.000	5369.500	6074	27764	1
2025.11.28	11:45:00	5369.000	5370.000	5366.000	5366.000	3272	14922	1
2025.11.28	11:50:00	5366.000	5367.500	5365.000	5366.500	3204	12877	1
2025.11.28	11:55:00	5367.000	5369.000	5365.000	5365.500	4779	31106	1
2025.11.28	12:00:00	5365.000	5370.000	5363.500	5370.000	7445	42532	1
2025.11.28	12:05:00	5370.000	5374.500	5368.500	5372.000	6300	31388	1
2025.11.28	12:10:00	5372.000	5376.500	5372.000	5376.000	4956	22426	1
2025.11.28	12:15:00	5375.500	5376.500	5374.000	5375.000	3554	14545	1
2025.11.28	12:20:00	5375.500	5379.000	5375.000	5378.000	4761	21130	1
2025.11.28	12:25:00	5378.000	5381.500	5378.000	5381.000	4591	22131	1
2025.11.28	12:30:00	5381.000	5386.500	5380.000	5380.000	9285	42691	1
2025.11.28	12:35:00	5380.000	5381.000	5377.000	5378.500	4541	20281	1
2025.11.28	12:40:00	5378.000	5379.500	5377.000	5377.000	2997	19156	1
2025.11.28	12:45:00	5377.000	5380.000	5376.500	5379.000	3453	18231	1
2025.11.28	12:50:00	5379.000	5379.500	5377.500	5379.000	2356	13234	1
2025.11.28	12:55:00	5379.500	5382.500	5379.000	5382.500	7657	48462	1
2025.11.28	13:00:00	5382.500	5383.500	5375.000	5379.500	11433	85800	1
2025.11.28	13:05:00	5379.500	5380.000	5376.000	5379.000	4661	30162	1
2025.11.28	13:10:00	5379.000	5379.000	5376.000	5377.000	2387	11819	1
2025.11.28	13:15:00	5377.000	5377.500	5374.000	5374.500	2436	11266	1
2025.11.28	13:20:00	5374.500	5379.000	5374.500	5379.000	2756	11975	1
2025.11.28	13:25:00	5379.000	5380.000	5377.000	5380.000	1571	6875	1
2025.11.28	13:30:00	5380.000	5383.500	5379.500	5382.500	3710	18891	1
2025.11.28	13:35:00	5383.000	5383.000	5379.000	5379.000	3028	14360	1
2025.11.28	13:40:00	5379.000	5380.500	5379.000	5379.500	942	3481	1
2025.11.28	13:45:00	5379.500	5380.000	5378.500	5380.000	1158	4792	1
2025.11.28	13:50:00	5379.500	5379.500	5378.000	5378.500	1413	6549	1
2025.11.28	13:55:00	5379.000	5380.000	5377.500	5378.500	2039	10144	1
2025.11.28	14:00:00	5378.500	5380.000	5377.000	5380.000	1835	9884	1
2025.11.28	14:05:00	5380.000	5381.000	5379.500	5380.500	1576	8201	1
2025.11.28	14:10:00	5380.000	5380.500	5376.500	5377.000	2374	10993	1
2025.11.28	14:15:00	5377.000	5380.500	5376.500	5379.500	2676	11306	1
2025.11.28	14:20:00	5379.000	5380.000	5378.500	5379.000	795	4345	1
2025.11.28	14:25:00	5379.000	5379.500	5378.000	5379.500	1028	3379	1
2025.11.28	14:30:00	5379.500	5379.500	5377.000	5377.000	1095	4909	1
2025.11.28	14:35:00	5377.000	5377.500	5376.000	5377.500	1502	5820	1
2025.11.28	14:40:00	5377.500	5378.000	5374.500	5374.500	2789	12750	1
2025.11.28	14:45:00	5374.500	5377.000	5374.000	5376.500	1951	7431	1
2025.11.28	14:50:00	5376.500	5379.500	5375.500	5378.000	2549	10492	1
2025.11.28	14:55:00	5378.500	5378.500	5374.000	5375.000	2378	8085	1
2025.11.28	15:00:00	5374.500	5377.000	5373.500	5375.000	5112	28808	1
2025.11.28	15:05:00	5375.000	5376.000	5373.000	5375.000	2499	10357	1
2025.11.28	15:10:00	5375.500	5376.500	5374.000	5375.000	1448	6559	1
2025.11.28	15:15:00	5374.500	5375.000	5370.500	5372.500	3082	13940	1
2025.11.28	15:20:00	5373.000	5373.000	5368.000	5368.500	3290	16824	1
2025.11.28	15:25:00	5368.000	5370.000	5365.500	5367.500	4574	24826	1
2025.11.28	15:30:00	5367.000	5367.500	5364.500	5365.000	3118	16527	1
2025.11.28	15:35:00	5365.500	5367.500	5365.000	5367.500	1693	8160	1
2025.11.28	15:40:00	5367.000	5369.000	5366.500	5369.000	2323	13702	1
2025.11.28	15:45:00	5369.000	5369.000	5367.500	5368.500	1098	3504	1
2025.11.28	15:50:00	5368.500	5368.500	5364.500	5365.500	2915	14238	1
2025.11.28	15:55:00	5365.000	5369.000	5365.000	5367.500	3022	11844	1
2025.11.28	16:00:00	5367.500	5368.000	5366.500	5367.000	1306	5952	1
2025.11.28	16:05:00	5367.000	5368.000	5364.500	5367.500	1991	12046	1
2025.11.28	16:10:00	5367.500	5367.500	5366.500	5367.500	853	4087	1
2025.11.28	16:15:00	5367.500	5367.500	5366.500	5367.000	794	4187	1
2025.11.28	16:20:00	5367.000	5368.500	5366.500	5368.500	1111	7393	1
2025.11.28	16:25:00	5368.500	5369.500	5367.000	5368.000	2347	11734	1
2025.11.28	16:30:00	5368.000	5370.000	5368.000	5369.500	1438	7841	1
2025.11.28	16:35:00	5369.500	5372.000	5368.500	5372.000	2225	11685	1
2025.11.28	16:40:00	5371.500	5372.000	5369.500	5370.000	1373	7811	1
2025.11.28	16:45:00	5370.000	5370.500	5369.500	5370.000	661	3419	1
2025.11.28	16:50:00	5370.500	5370.500	5368.000	5369.500	1469	8076	1
2025.11.28	16:55:00	5370.000	5371.500	5369.500	5371.000	1469	5648	1
2025.11.28	17:00:00	5371.000	5372.000	5371.000	5371.000	1239	4836	1
2025.11.28	17:05:00	5371.000	5371.500	5368.500	5369.000	1563	4854	1
2025.11.28	17:10:00	5369.000	5373.000	5368.500	5372.000	2035	8722	1
2025.11.28	17:15:00	5372.000	5372.500	5370.000	5371.000	665	2996	1
2025.11.28	17:20:00	5370.500	5372.000	5370.000	5371.000	631	5300	1
2025.11.28	17:25:00	5371.000	5372.500	5370.500	5372.000	798	3502	1
2025.11.28	17:30:00	5371.500	5372.000	5370.500	5371.500	840	3433	1
2025.11.28	17:35:00	5371.000	5372.500	5371.000	5371.500	650	3120	1
2025.11.28	17:40:00	5372.000	5372.500	5371.000	5371.000	666	2792	1
2025.11.28	17:45:00	5371.000	5372.000	5371.000	5371.500	425	1932	1
2025.11.28	17:50:00	5371.500	5371.500	5370.500	5371.500	680	3574	1
2025.11.28	17:55:00	5371.000	5372.000	5370.000	5370.500	1135	7784	1
2025.11.28	18:00:00	5370.000	5373.500	5370.000	5373.500	1116	6656	1
2025.11.28	18:05:00	5373.500	5374.000	5372.500	5373.000	830	3717	1
2025.11.28	18:10:00	5373.500	5373.500	5372.000	5372.000	706	6569	1
2025.11.28	18:15:00	5372.000	5372.500	5371.500	5372.500	1133	8399	1
2025.11.28	18:20:00	5372.000	5373.500	5371.000	5373.500	628	3110	1
2025.11.28	18:25:00	5373.000	5374.000	5371.000	5371.500	711	5895	1
2025.12.01	09:00:00	5371.500	5375.000	5369.500	5370.500	12565	44849	1
2025.12.01	09:05:00	5371.000	5371.000	5363.000	5367.500	13951	50064	1
2025.12.01	09:10:00	5368.000	5370.500	5365.500	5365.500	8439	27914	1
2025.12.01	09:15:00	5365.500	5368.500	5364.500	5367.000	5951	19420	1
2025.12.01	09:20:00	5366.500	5367.500	5362.000	5365.000	9278	32773	1
2025.12.01	09:25:00	5365.000	5371.000	5365.000	5369.000	10130	36152	1
2025.12.01	09:30:00	5369.000	5374.000	5368.500	5373.000	11162	39272	1
2025.12.01	09:35:00	5373.500	5373.500	5366.500	5371.500	9040	28411	1
2025.12.01	09:40:00	5371.000	5373.500	5370.000	5372.000	6027	23955	1
2025.12.01	09:45:00	5372.000	5374.500	5370.000	5373.500	5686	18865	1
2025.12.01	09:50:00	5373.500	5376.500	5371.500	5375.000	9518	37238	1
2025.12.01	09:55:00	5375.500	5378.000	5373.000	5377.000	7339	29721	1
2025.12.01	10:00:00	5376.500	5384.000	5375.500	5383.000	17058	69018	1
2025.12.01	10:05:00	5383.000	5385.500	5379.500	5380.500	14257	65165	1
2025.12.01	10:10:00	5380.000	5381.500	5376.500	5381.500	10724	49317	1
2025.12.01	10:15:00	5381.500	5382.500	5378.500	5380.500	6574	22917	1
2025.12.01	10:20:00	5380.500	5382.000	5379.000	5380.000	4348	16816	1
2025.12.01	10:25:00	5380.000	5383.500	5379.500	5383.000	5101	17687	1
2025.12.01	10:30:00	5383.000	5384.500	5381.000	5382.000	6640	23912	1
2025.12.01	10:35:00	5382.500	5383.500	5379.500	5382.500	5189	20175	1
2025.12.01	10:40:00	5382.000	5383.500	5381.000	5381.000	3290	12937	1
2025.12.01	10:45:00	5381.000	5382.500	5378.500	5381.500	5846	22683	1
2025.12.01	10:50:00	5381.500	5384.000	5381.000	5382.500	3967	16327	1
2025.12.01	10:55:00	5382.000	5383.000	5377.000	5380.000	7692	32632	1
2025.12.01	11:00:00	5380.500	5382.000	5379.000	5382.000	4554	25018	1
2025.12.01	11:05:00	5381.500	5385.500	5380.500	5380.500	8627	36105	1
2025.12.01	11:10:00	5380.500	5381.000	5377.000	5379.500	6604	33559	1
2025.12.01	11:15:00	5379.500	5380.500	5376.500	5378.000	4697	17316	1
2025.12.01	11:20:00	5378.000	5381.000	5378.000	5380.500	3014	10501	1
2025.12.01	11:25:00	5380.500	5380.500	5378.000	5380.000	2291	7900	1
2025.12.01	11:30:00	5380.000	5380.500	5375.000	5375.500	5832	20519	1
2025.12.01	11:35:00	5375.000	5377.500	5373.000	5377.500	8340	30665	1
2025.12.01	11:40:00	5377.000	5379.000	5375.500	5378.500	5150	18565	1
2025.12.01	11:45:00	5378.500	5381.000	5378.000	5380.000	5349	21700	1
2025.12.01	11:50:00	5380.000	5381.000	5374.500	5374.500	5544	18841	1
2025.12.01	11:55:00	5374.500	5377.500	5372.500	5377.500	7760	33561	1
2025.12.01	12:00:00	5377.500	5378.500	5372.500	5378.500	6417	33823	1
2025.12.01	12:05:00	5378.000	5380.000	5373.000	5373.500	7703	35668	1
2025.12.01	12:10:00	5373.500	5375.000	5371.500	5372.000	4622	18798	1
2025.12.01	12:15:00	5372.000	5374.000	5370.500	5371.000	4333	20577	1
2025.12.01	12:20:00	5371.500	5374.000	5370.500	5372.500	4269	18949	1
2025.12.01	12:25:00	5372.500	5374.000	5371.500	5373.500	2851	10369	1
2025.12.01	12:30:00	5373.500	5382.000	5372.500	5380.500	11098	42592	1
2025.12.01	12:35:00	5380.500	5383.000	5376.000	5381.500	6873	29793	1
2025.12.01	12:40:00	5382.000	5383.000	5378.500	5380.000	5203	22324	1
2025.12.01	12:45:00	5380.000	5382.000	5379.500	5381.000	2538	10887	1
2025.12.01	12:50:00	5381.000	5383.000	5378.000	5381.500	5104	22011	1
2025.12.01	12:55:00	5381.500	5382.000	5379.000	5380.000	5525	30683	1
2025.12.01	13:00:00	5380.000	5384.000	5379.000	5381.000	7248	36172	1
2025.12.01	13:05:00	5381.000	5381.500	5377.000	5378.500	6218	34264	1
2025.12.01	13:10:00	5378.500	5379.500	5377.500	5379.500	2586	11723	1
2025.12.01	13:15:00	5379.500	5381.500	5378.500	5380.000	3260	15951	1
2025.12.01	13:20:00	5380.000	5384.000	5379.500	5383.500	3531	16387	1
2025.12.01	13:25:00	5383.500	5384.000	5381.500	5382.000	2565	11345	1
2025.12.01	13:30:00	5382.000	5383.000	5379.500	5381.000	3020	13521	1
2025.12.01	13:35:00	5381.000	5383.000	5379.500	5383.000	2849	11596	1
2025.12.01	13:40:00	5382.500	5385.000	5382.000	5384.500	4214	16298	1
2025.12.01	13:45:00	5385.000	5388.500	5384.000	5388.000	6765	30431	1
2025.12.01	13:50:00	5388.500	5390.000	5387.500	5388.000	4428	18820	1
2025.12.01	13:55:00	5387.500	5389.500	5385.500	5389.000	4560	21096	1
2025.12.01	14:00:00	5389.000	5389.500	5386.500	5387.500	2743	14090	1
2025.12.01	14:05:00	5387.000	5388.500	5386.500	5388.000	2258	10970	1
2025.12.01	14:10:00	5387.500	5387.500	5384.500	5386.500	3465	11878	1
2025.12.01	14:15:00	5386.500	5387.500	5384.500	5384.500	2095	9139	1
2025.12.01	14:20:00	5384.500	5386.500	5384.000	5385.500	2039	7216	1
2025.12.01	14:25:00	5385.500	5386.000	5384.000	5385.500	1663	5951	1
2025.12.01	14:30:00	5385.000	5386.000	5384.500	5385.500	1249	4176	1
2025.12.01	14:35:00	5385.500	5387.000	5385.000	5385.000	1680	5414	1
2025.12.01	14:40:00	5385.500	5385.500	5383.500	5384.500	2357	7671	1
2025.12.01	14:45:00	5384.500	5386.500	5384.000	5385.500	2213	9090	1
2025.12.01	14:50:00	5385.500	5392.500	5385.000	5390.000	7336	35077	1
2025.12.01	14:55:00	5390.000	5391.500	5388.000	5389.000	3451	15043	1
2025.12.01	15:00:00	5388.500	5389.500	5388.000	5388.500	1446	6887	1
2025.12.01	15:05:00	5388.500	5389.000	5387.000	5388.000	1896	8037	1
2025.12.01	15:10:00	5388.000	5388.500	5387.000	5387.500	1601	6441	1
2025.12.01	15:15:00	5387.500	5389.000	5387.000	5389.000	1553	6659	1
2025.12.01	15:20:00	5389.000	5392.000	5388.500	5391.000	2605	13173	1
2025.12.01	15:25:00	5390.500	5391.500	5389.500	5391.000	2309	11428	1
2025.12.01	15:30:00	5391.000	5395.500	5390.000	5395.000	5962	24079	1
2025.12.01	15:35:00	5395.000	5395.500	5392.500	5392.500	3206	13762	1
2025.12.01	15:40:00	5393.000	5394.000	5391.000	5392.000	3429	16989	1
2025.12.01	15:45:00	5392.000	5394.000	5392.000	5392.500	2831	18459	1
2025.12.01	15:50:00	5392.500	5393.500	5392.000	5393.000	3122	11480	1
2025.12.01	15:55:00	5393.000	5393.500	5392.000	5393.000	2836	10523	1
2025.12.01	16:00:00	5393.000	5394.500	5392.500	5394.000	3027	17078	1
2025.12.01	16:05:00	5394.500	5395.500	5393.000	5394.000	2754	11214	1
2025.12.01	16:10:00	5394.500	5395.500	5393.500	5394.500	1694	8338	1
2025.12.01	16:15:00	5394.500	5395.500	5394.000	5394.500	1412	7791	1
2025.12.01	16:20:00	5395.000	5395.500	5394.000	5394.000	1011	5361	1
2025.12.01	16:25:00	5394.000	5395.000	5393.000	5394.500	1370	5848	1
2025.12.01	16:30:00	5394.000	5396.500	5394.000	5395.000	2484	10067	1
2025.12.01	16:35:00	5395.000	5395.500	5393.000	5393.000	1971	7264	1
2025.12.01	16:40:00	5393.000	5394.500	5393.000	5394.500	1213	5974	1
2025.12.01	16:45:00	5394.500	5394.500	5393.500	5394.000	1382	6271	1
2025.12.01	16:50:00	5394.000	5394.500	5393.500	5394.000	1000	4009	1
2025.12.01	16:55:00	5394.000	5394.500	5393.000	5394.000	1378	5500	1
2025.12.01	17:00:00	5394.500	5394.500	5392.500	5393.000	2889	10120	1
2025.12.01	17:05:00	5393.000	5400.000	5393.000	5398.500	7751	35054	1
2025.12.01	17:10:00	5398.000	5398.000	5392.500	5394.000	4913	29024	1
2025.12.01	17:15:00	5394.000	5395.500	5392.500	5394.000	2284	18181	1
2025.12.01	17:20:00	5394.000	5394.000	5392.500	5393.500	1040	5512	1
2025.12.01	17:25:00	5393.500	5393.500	5392.500	5392.500	1216	5186	1
2025.12.01	17:30:00	5392.500	5393.000	5391.000	5392.000	2147	10937	1
2025.12.01	17:35:00	5391.500	5391.500	5390.000	5390.500	1357	5623	1
2025.12.01	17:40:00	5390.000	5391.000	5389.500	5390.000	1142	6262	1
2025.12.01	17:45:00	5390.000	5391.000	5389.000	5390.000	1763	7706	1
2025.12.01	17:50:00	5390.000	5391.000	5389.000	5390.500	1278	6467	1
2025.12.01	17:55:00	5390.500	5392.000	5389.500	5391.000	1679	7335	1
2025.12.01	18:00:00	5391.500	5392.000	5390.500	5391.000	761	3072	1
2025.12.01	18:05:00	5391.000	5391.500	5390.500	5390.500	527	2508	1
2025.12.01	18:10:00	5390.500	5391.000	5390.000	5391.000	1119	6637	1
2025.12.01	18:15:00	5391.000	5391.000	5388.000	5389.500	1462	7998	1
2025.12.01	18:20:00	5389.000	5389.500	5386.000	5386.500	923	5686	1
2025.12.01	18:25:00	5387.000	5388.000	5385.500	5386.000	752	6426	1
2025.12.02	09:00:00	5388.000	5388.500	5378.500	5379.500	13195	54353	1
2025.12.02	09:05:00	5379.000	5380.500	5374.500	5379.500	10015	39094	1
2025.12.02	09:10:00	5380.000	5386.000	5378.500	5384.500	8554	29855	1
2025.12.02	09:15:00	5384.500	5387.000	5383.500	5387.000	4060	13216	1
2025.12.02	09:20:00	5387.000	5388.000	5383.500	5383.500	6142	24934	1
2025.12.02	09:25:00	5383.500	5386.000	5380.500	5385.500	8118	31155	1
2025.12.02	09:30:00	5385.000	5387.500	5384.500	5386.500	3422	11851	1
2025.12.02	09:35:00	5386.500	5390.000	5386.500	5390.000	7428	25045	1
2025.12.02	09:40:00	5389.500	5391.500	5388.500	5390.000	6526	26987	1
2025.12.02	09:45:00	5390.500	5392.000	5390.000	5391.500	3495	14116	1
2025.12.02	09:50:00	5391.500	5396.500	5391.500	5394.500	13823	60916	1
2025.12.02	09:55:00	5394.500	5395.000	5385.000	5387.000	13109	48807	1
2025.12.02	10:00:00	5387.500	5392.500	5384.500	5391.500	14550	62474	1
2025.12.02	10:05:00	5391.500	5394.000	5390.000	5391.000	10304	44344	1
2025.12.02	10:10:00	5391.000	5392.000	5389.000	5390.000	5047	17209	1
2025.12.02	10:15:00	5390.000	5392.000	5389.000	5391.000	3700	12460	1
2025.12.02	10:20:00	5391.000	5391.500	5389.000	5389.000	4020	16417	1
2025.12.02	10:25:00	5389.000	5390.500	5388.500	5389.500	4104	12685	1
2025.12.02	10:30:00	5389.000	5391.500	5388.000	5391.000	8324	38397	1
2025.12.02	10:35:00	5391.000	5393.000	5390.000	5391.000	5111	22574	1
2025.12.02	10:40:00	5391.000	5391.000	5386.000	5388.500	7846	31436	1
2025.12.02	10:45:00	5388.500	5391.000	5387.500	5389.500	3623	13688	1
2025.12.02	10:50:00	5389.500	5390.000	5384.500	5384.500	7451	25368	1
2025.12.02	10:55:00	5384.000	5385.000	5379.000	5379.500	12398	46943	1
2025.12.02	11:00:00	5379.500	5382.000	5378.500	5380.500	12688	64891	1
2025.12.02	11:05:00	5380.500	5381.500	5377.500	5378.000	7428	29845	1
2025.12.02	11:10:00	5378.000	5379.000	5370.500	5371.500	12301	55403	1
2025.12.02	11:15:00	5371.500	5375.500	5370.500	5375.500	7698	30454	1
2025.12.02	11:20:00	5375.500	5376.000	5371.500	5374.000	5587	24803	1
2025.12.02	11:25:00	5374.500	5378.000	5374.000	5377.000	4317	16782	1
2025.12.02	11:30:00	5377.000	5378.000	5376.000	5376.000	4282	16495	1
2025.12.02	11:35:00	5376.500	5377.500	5375.000	5377.000	3521	11989	1
2025.12.02	11:40:00	5377.000	5380.000	5376.500	5380.000	7615	28018	1
2025.12.02	11:45:00	5379.500	5380.500	5373.500	5373.500	7743	33526	1
2025.12.02	11:50:00	5374.000	5375.500	5373.000	5374.500	4309	17839	1
2025.12.02	11:55:00	5374.000	5375.000	5372.500	5372.500	3450	12249	1
2025.12.02	12:00:00	5373.000	5375.000	5370.000	5370.500	7870	47789	1
2025.12.02	12:05:00	5370.500	5375.000	5368.000	5375.000	9615	44374	1
2025.12.02	12:10:00	5375.000	5377.000	5369.000	5372.000	7811	31153	1
2025.12.02	12:15:00	5371.500	5374.000	5370.000	5373.000	3548	15726	1
2025.12.02	12:20:00	5373.500	5377.000	5372.000	5376.000	4437	18702	1
2025.12.02	12:25:00	5376.000	5377.500	5374.000	5376.000	3866	22561	1
2025.12.02	12:30:00	5376.000	5376.000	5370.500	5373.500	4997	22927	1
2025.12.02	12:35:00	5374.000	5375.000	5372.000	5375.000	2481	10516	1
2025.12.02	12:40:00	5374.500	5376.000	5374.000	5374.500	2229	11634	1
2025.12.02	12:45:00	5375.000	5376.500	5374.500	5376.000	2015	7682	1
2025.12.02	12:50:00	5376.500	5377.500	5374.500	5376.500	2039	7192	1
2025.12.02	12:55:00	5377.000	5377.000	5373.500	5374.000	6672	21921	1
2025.12.02	13:00:00	5374.000	5376.500	5373.000	5374.000	8353	47391	1
2025.12.02	13:05:00	5374.000	5377.000	5373.000	5376.000	3223	13941	1
2025.12.02	13:10:00	5375.500	5378.500	5374.500	5377.000	3641	22278	1
2025.12.02	13:15:00	5376.500	5377.500	5376.000	5376.000	1308	5181	1
2025.12.02	13:20:00	5376.000	5379.000	5375.000	5379.000	2751	11645	1
2025.12.02	13:25:00	5378.500	5379.500	5377.500	5379.000	2867	13765	1
2025.12.02	13:30:00	5379.000	5379.500	5377.000	5377.000	2647	9044	1
2025.12.02	13:35:00	5377.000	5377.500	5375.500	5376.000	2186	7313	1
2025.12.02	13:40:00	5376.000	5377.000	5375.000	5376.500	2218	7649	1
2025.12.02	13:45:00	5376.500	5377.500	5376.000	5377.000	1445	4121	1
2025.12.02	13:50:00	5377.500	5379.000	5376.000	5378.000	2063	9079	1
2025.12.02	13:55:00	5378.000	5378.500	5374.500	5377.500	4644	20258	1
2025.12.02	14:00:00	5377.000	5377.500	5374.500	5375.000	2857	12544	1
2025.12.02	14:05:00	5375.500	5375.500	5372.500	5373.000	4023	18126	1
2025.12.02	14:10:00	5373.000	5374.500	5371.000	5371.000	3853	16142	1
2025.12.02	14:15:00	5370.500	5371.000	5364.000	5364.000	10040	51503	1
2025.12.02	14:20:00	5364.000	5366.000	5362.500	5364.000	5832	25516	1
2025.12.02	14:25:00	5364.000	5366.500	5363.000	5364.000	4611	22541	1
2025.12.02	14:30:00	5364.500	5366.500	5364.000	5366.000	2471	10114	1
2025.12.02	14:35:00	5366.000	5367.000	5366.000	5367.000	1935	8150	1
2025.12.02	14:40:00	5367.000	5368.000	5364.500	5367.000	2534	9692	1
2025.12.02	14:45:00	5367.000	5367.500	5363.500	5364.500	3169	13387	1
2025.12.02	14:50:00	5364.500	5366.500	5364.000	5364.500	2031	7351	1
2025.12.02	14:55:00	5364.500	5370.000	5364.500	5369.000	4442	19462	1
2025.12.02	15:00:00	5369.000	5369.500	5368.000	5368.500	1851	6303	1
2025.12.02	15:05:00	5368.500	5369.000	5365.500	5368.000	3132	14580	1
2025.12.02	15:10:00	5368.500	5370.000	5367.500	5368.000	2250	9220	1
2025.12.02	15:15:00	5367.500	5368.500	5365.000	5365.500	2247	9255	1
2025.12.02	15:20:00	5365.500	5367.500	5365.000	5366.000	1976	9462	1
2025.12.02	15:25:00	5366.500	5369.000	5366.000	5367.500	2485	11911	1
2025.12.02	15:30:00	5368.000	5370.000	5367.000	5370.000	2402	8682	1
2025.12.02	15:35:00	5370.000	5370.500	5368.500	5368.500	2420	10005	1
2025.12.02	15:40:00	5368.500	5370.000	5368.000	5370.000	1306	5397	1
2025.12.02	15:45:00	5370.000	5370.000	5367.500	5368.500	1879	7609	1
2025.12.02	15:50:00	5368.500	5369.500	5367.500	5368.500	2106	8239	1
2025.12.02	15:55:00	5368.500	5369.500	5367.500	5368.000	2206	7890	1
2025.12.02	16:00:00	5368.000	5368.000	5366.000	5367.000	2876	12306	1
2025.12.02	16:05:00	5367.000	5368.500	5367.000	5367.000	1559	5892	1
2025.12.02	16:10:00	5367.000	5368.000	5366.500	5367.000	1172	5566	1
2025.12.02	16:15:00	5367.000	5367.500	5365.500	5366.000	1515	6902	1
2025.12.02	16:20:00	5365.500	5367.000	5365.000	5365.500	2084	10238	1
2025.12.02	16:25:00	5365.500	5366.500	5364.500	5365.500	1349	5512	1
2025.12.02	16:30:00	5365.000	5366.000	5364.000	5365.000	1650	8253	1
2025.12.02	16:35:00	5365.000	5366.500	5364.500	5366.500	1149	4097	1
2025.12.02	16:40:00	5366.000	5367.000	5366.000	5367.000	1072	4613	1
2025.12.02	16:45:00	5366.500	5368.000	5366.500	5367.500	2291	9186	1
2025.12.02	16:50:00	5367.500	5368.000	5365.000	5366.000	2256	12506	1
2025.12.02	16:55:00	5366.500	5366.500	5363.000	5364.500	3234	17752	1
2025.12.02	17:00:00	5364.500	5364.500	5362.500	5364.000	3197	15053	1
2025.12.02	17:05:00	5364.000	5365.500	5363.500	5365.500	1324	6369	1
2025.12.02	17:10:00	5365.500	5366.500	5365.000	5366.000	1255	5528	1
2025.12.02	17:15:00	5366.000	5366.000	5363.500	5363.500	1448	6224	1
2025.12.02	17:20:00	5363.500	5364.000	5362.000	5362.500	1657	7574	1
2025.12.02	17:25:00	5362.500	5363.000	5362.000	5362.000	981	3340	1
2025.12.02	17:30:00	5362.000	5363.000	5361.000	5361.000	2876	13983	1
2025.12.02	17:35:00	5361.000	5363.500	5361.000	5363.500	1467	6609	1
2025.12.02	17:40:00	5363.500	5364.000	5362.000	5362.500	1408	7021	1
2025.12.02	17:45:00	5362.500	5364.000	5362.500	5363.000	679	3158	1
2025.12.02	17:50:00	5363.500	5363.500	5362.500	5362.500	839	3030	1
2025.12.02	17:55:00	5363.000	5363.000	5361.500	5361.500	1361	6432	1
2025.12.02	18:00:00	5362.000	5362.000	5360.000	5361.000	1695	6956	1
2025.12.02	18:05:00	5361.000	5362.000	5360.500	5361.000	781	3836	1
2025.12.02	18:10:00	5360.500	5362.500	5360.000	5362.000	1540	8966	1
2025.12.02	18:15:00	5362.000	5363.500	5361.000	5363.500	1321	8593	1
2025.12.02	18:20:00	5363.000	5363.500	5360.000	5363.000	1003	6118	1
2025.12.02	18:25:00	5362.500	5363.000	5361.000	5361.500	752	5944	1
2025.12.03	09:00:00	5350.000	5350.500	5344.000	5349.000	16852	64212	1
2025.12.03	09:05:00	5349.000	5354.000	5347.500	5348.500	15367	56595	1
2025.12.03	09:10:00	5348.500	5349.500	5345.500	5349.000	8462	31162	1
2025.12.03	09:15:00	5349.000	5351.500	5347.000	5349.000	6350	22165	1
2025.12.03	09:20:00	5349.000	5350.500	5345.500	5350.500	5911	24860	1
2025.12.03	09:25:00	5350.000	5353.000	5350.000	5351.500	5981	21444	1
2025.12.03	09:30:00	5351.500	5353.500	5351.000	5352.500	3376	12390	1
2025.12.03	09:35:00	5353.000	5355.000	5350.000	5353.000	6918	22382	1
2025.12.03	09:40:00	5353.000	5354.000	5349.500	5351.500	5813	22897	1
2025.12.03	09:45:00	5351.500	5354.000	5351.500	5353.500	3918	17879	1
2025.12.03	09:50:00	5353.500	5355.000	5350.500	5354.000	5926	23896	1
2025.12.03	09:55:00	5353.500	5355.500	5352.000	5353.500	4616	18669	1
2025.12.03	10:00:00	5354.000	5355.000	5347.000	5349.000	15384	61650	1
2025.12.03	10:05:00	5349.500	5351.500	5348.500	5350.000	7253	35170	1
2025.12.03	10:10:00	5349.500	5352.500	5348.500	5351.000	4150	18379	1
2025.12.03	10:15:00	5351.000	5352.000	5344.000	5349.000	13235	59361	1
2025.12.03	10:20:00	5348.500	5349.500	5347.000	5349.000	4653	16893	1
2025.12.03	10:25:00	5349.000	5349.500	5345.500	5346.000	5301	21840	1
2025.12.03	10:30:00	5345.500	5346.500	5342.000	5342.000	9176	34954	1
2025.12.03	10:35:00	5342.000	5342.500	5332.000	5332.500	21144	92938	1
2025.12.03	10:40:00	5332.000	5340.000	5332.000	5338.500	11434	46664	1
2025.12.03	10:45:00	5339.000	5341.000	5337.500	5338.000	4671	19655	1
2025.12.03	10:50:00	5338.500	5344.000	5338.000	5344.000	7487	30765	1
2025.12.03	10:55:00	5343.500	5349.000	5342.500	5347.500	12256	54463	1
2025.12.03	11:00:00	5347.000	5348.000	5343.000	5347.500	13338	59303	1
2025.12.03	11:05:00	5347.000	5351.000	5347.000	5349.000	10687	44638	1
2025.12.03	11:10:00	5349.500	5350.500	5345.500	5348.000	6046	27615	1
2025.12.03	11:15:00	5348.000	5348.500	5345.000	5347.000	4066	13347	1
2025.12.03	11:20:00	5347.000	5348.000	5345.500	5346.500	3084	12204	1
2025.12.03	11:25:00	5346.500	5347.000	5343.500	5345.500	4805	17747	1
2025.12.03	11:30:00	5346.000	5346.000	5339.000	5341.000	9843	34707	1
2025.12.03	11:35:00	5341.000	5341.500	5333.000	5336.500	11661	49719	1
2025.12.03	11:40:00	5336.500	5337.500	5335.000	5335.500	5356	21545	1
2025.12.03	11:45:00	5336.000	5336.000	5331.000	5336.000	10089	42951	1
2025.12.03	11:50:00	5335.500	5340.500	5335.000	5339.500	9631	42146	1
2025.12.03	11:55:00	5339.500	5340.500	5336.000	5337.000	4786	21138	1
2025.12.03	12:00:00	5337.000	5342.500	5336.500	5341.000	9888	41516	1
2025.12.03	12:05:00	5340.500	5342.500	5336.500	5338.000	5906	27399	1
2025.12.03	12:10:00	5338.000	5342.000	5336.500	5339.500	6160	25684	1
2025.12.03	12:15:00	5339.000	5340.500	5337.000	5337.000	3047	10850	1
2025.12.03	12:20:00	5337.500	5338.000	5334.500	5336.500	3913	13643	1
2025.12.03	12:25:00	5336.500	5338.500	5333.000	5338.500	4480	18539	1
2025.12.03	12:30:00	5338.500	5340.000	5334.500	5337.000	6622	35425	1
2025.12.03	12:35:00	5337.000	5339.500	5336.000	5338.500	2870	14309	1
2025.12.03	12:40:00	5338.500	5339.500	5337.500	5338.500	1769	7887	1
2025.12.03	12:45:00	5338.000	5339.500	5336.000	5336.500	2414	11055	1
2025.12.03	12:50:00	5337.000	5339.000	5335.000	5335.000	2711	11966	1
2025.12.03	12:55:00	5335.500	5337.500	5331.500	5333.000	7941	41629	1
2025.12.03	13:00:00	5333.000	5333.000	5330.000	5333.000	9892	55974	1
2025.12.03	13:05:00	5332.500	5334.500	5332.500	5334.000	3489	15586	1
2025.12.03	13:10:00	5333.500	5334.000	5332.000	5333.000	2491	12897	1
2025.12.03	13:15:00	5333.500	5333.500	5331.000	5331.500	1682	6855	1
2025.12.03	13:20:00	5331.500	5333.500	5331.000	5333.500	2538	12719	1
2025.12.03	13:25:00	5334.000	5335.500	5333.500	5334.500	2942	10839	1
2025.12.03	13:30:00	5334.500	5335.500	5333.500	5334.000	1624	6293	1
2025.12.03	13:35:00	5334.000	5335.500	5334.000	5335.000	1923	8008	1
2025.12.03	13:40:00	5335.500	5337.000	5335.000	5336.000	2335	11205	1
2025.12.03	13:45:00	5336.000	5337.500	5335.000	5337.000	1918	8387	1
2025.12.03	13:50:00	5337.000	5342.500	5336.500	5340.500	7720	37481	1
2025.12.03	13:55:00	5341.000	5344.500	5341.000	5343.000	6030	29153	1
2025.12.03	14:00:00	5343.500	5344.000	5340.500	5341.500	3290	14260	1
2025.12.03	14:05:00	5342.000	5343.000	5340.500	5340.500	1776	8723	1
2025.12.03	14:10:00	5340.500	5341.500	5337.500	5338.500	3430	14890	1
2025.12.03	14:15:00	5338.000	5339.000	5337.500	5338.000	1570	5527	1
2025.12.03	14:20:00	5338.000	5339.000	5336.500	5336.500	2608	11259	1
2025.12.03	14:25:00	5336.500	5339.500	5336.500	5339.000	2321	14326	1
2025.12.03	14:30:00	5339.000	5340.000	5337.500	5339.500	1339	5242	1
2025.12.03	14:35:00	5339.000	5340.500	5338.500	5340.000	1580	5946	1
2025.12.03	14:40:00	5339.500	5341.500	5339.000	5339.500	2194	9672	1
2025.12.03	14:45:00	5339.000	5340.500	5338.500	5339.000	1468	7469	1
2025.12.03	14:50:00	5339.000	5341.000	5339.000	5340.500	1725	7558	1
2025.12.03	14:55:00	5340.500	5343.000	5340.000	5340.500	2465	10137	1
2025.12.03	15:00:00	5340.500	5342.000	5340.500	5341.000	1474	5747	1
2025.12.03	15:05:00	5340.500	5340.500	5338.000	5339.000	2497	11764	1
2025.12.03	15:10:00	5339.000	5340.000	5338.000	5339.000	1633	7206	1
2025.12.03	15:15:00	5339.000	5344.000	5338.500	5343.000	3327	15397	1
2025.12.03	15:20:00	5343.000	5346.000	5342.000	5343.000	5531	29999	1
2025.12.03	15:25:00	5342.500	5343.500	5340.000	5340.500	2309	9054	1
2025.12.03	15:30:00	5340.500	5341.000	5339.000	5340.000	3185	12242	1
2025.12.03	15:35:00	5340.000	5341.000	5338.000	5338.000	2231	8108	1
2025.12.03	15:40:00	5338.000	5339.500	5336.000	5337.500	3302	14660	1
2025.12.03	15:45:00	5337.000	5339.500	5337.000	5338.000	2005	7913	1
2025.12.03	15:50:00	5338.000	5340.500	5338.000	5339.500	2494	10952	1
2025.12.03	15:55:00	5339.500	5341.000	5339.500	5341.000	2153	9488	1
2025.12.03	16:00:00	5341.000	5341.500	5339.500	5341.000	1664	7240	1
2025.12.03	16:05:00	5341.000	5342.000	5340.500	5341.000	1246	4871	1
2025.12.03	16:10:00	5341.000	5343.500	5341.000	5341.000	2435	10650	1
2025.12.03	16:15:00	5341.000	5341.500	5339.500	5341.000	2291	11175	1
2025.12.03	16:20:00	5341.500	5343.500	5341.500	5343.000	1735	6852	1
2025.12.03	16:25:00	5343.000	5344.500	5342.500	5343.000	1981	9119	1
2025.12.03	16:30:00	5343.500	5345.000	5342.500	5342.500	2245	11090	1
2025.12.03	16:35:00	5342.500	5344.000	5342.500	5343.500	1210	5482	1
2025.12.03	16:40:00	5343.500	5344.500	5343.000	5344.500	1133	4432	1
2025.12.03	16:45:00	5344.500	5345.000	5343.500	5344.500	2044	7394	1
2025.12.03	16:50:00	5344.000	5345.500	5343.500	5345.500	1539	7899	1
2025.12.03	16:55:00	5345.500	5346.000	5344.500	5345.500	2335	8419	1
2025.12.03	17:00:00	5345.500	5345.500	5343.500	5343.500	2661	9369	1
2025.12.03	17:05:00	5344.000	5344.500	5343.000	5343.500	1440	4973	1
2025.12.03	17:10:00	5344.000	5345.500	5343.000	5344.500	2152	9107	1
2025.12.03	17:15:00	5344.000	5344.500	5342.500	5342.500	2047	7094	1
2025.12.03	17:20:00	5342.500	5343.500	5342.500	5342.500	1350	5464	1
2025.12.03	17:25:00	5342.500	5343.500	5342.000	5343.000	1278	7251	1
2025.12.03	17:30:00	5343.000	5343.500	5341.500	5341.500	2387	11972	1
2025.12.03	17:35:00	5341.500	5342.500	5341.500	5342.000	1157	4715	1
2025.12.03	17:40:00	5342.000	5344.000	5342.000	5343.500	1544	5777	1
2025.12.03	17:45:00	5343.000	5344.000	5342.000	5342.500	1116	4695	1
2025.12.03	17:50:00	5342.500	5343.000	5341.500	5342.500	696	3044	1
2025.12.03	17:55:00	5342.000	5343.000	5342.000	5342.500	1261	5304	1
2025.12.03	18:00:00	5343.000	5344.500	5342.500	5343.500	1059	4008	1
2025.12.03	18:05:00	5343.000	5343.500	5342.000	5343.000	918	4362	1
2025.12.03	18:10:00	5343.500	5344.000	5342.000	5342.500	1059	5744	1
2025.12.03	18:15:00	5342.000	5343.000	5341.000	5342.000	1292	7156	1
2025.12.03	18:20:00	5342.000	5342.500	5339.000	5341.000	1210	10201	1
2025.12.03	18:25:00	5341.000	5341.500	5339.000	5341.500	794	4801	1
2025.12.04	09:00:00	5336.000	5339.000	5332.500	5337.000	12169	44742	1
2025.12.04	09:05:00	5337.500	5338.000	5333.500	5334.500	6704	23749	1
2025.12.04	09:10:00	5335.000	5335.000	5329.000	5331.500	10527	42579	1
2025.12.04	09:15:00	5331.500	5332.500	5329.500	5331.500	5611	20194	1
2025.12.04	09:20:00	5332.000	5335.000	5331.000	5335.000	5751	20480	1
2025.12.04	09:25:00	5334.500	5338.500	5333.500	5335.500	9141	37960	1
2025.12.04	09:30:00	5335.000	5336.000	5332.500	5335.000	6514	22489	1
2025.12.04	09:35:00	5335.000	5337.000	5333.500	5336.000	3078	11172	1
2025.12.04	09:40:00	5336.500	5339.000	5335.000	5338.500	4164	14847	1
2025.12.04	09:45:00	5338.500	5340.000	5337.000	5338.000	4757	16993	1
2025.12.04	09:50:00	5338.000	5341.500	5336.500	5340.000	9727	37899	1
2025.12.04	09:55:00	5340.000	5341.000	5334.500	5335.000	8351	35639	1
2025.12.04	10:00:00	5335.500	5337.000	5332.000	5336.000	12396	57686	1
2025.12.04	10:05:00	5335.500	5338.000	5335.500	5336.500	4247	17646	1
2025.12.04	10:10:00	5336.500	5337.000	5333.000	5333.000	4697	22359	1
2025.12.04	10:15:00	5333.000	5334.000	5327.000	5327.000	14288	58752	1
2025.12.04	10:20:00	5327.000	5328.000	5320.500	5321.500	16139	71125	1
2025.12.04	10:25:00	5322.000	5324.000	5319.500	5322.500	9499	40986	1
2025.12.04	10:30:00	5322.500	5328.000	5319.500	5323.000	13243	54454	1
2025.12.04	10:35:00	5323.000	5325.500	5321.000	5325.500	7814	36028	1
2025.12.04	10:40:00	5325.500	5326.500	5324.000	5325.000	4613	22205	1
2025.12.04	10:45:00	5325.000	5325.500	5323.000	5323.500	4071	16944	1
2025.12.04	10:50:00	5323.500	5326.000	5323.500	5325.500	2908	16840	1
2025.12.04	10:55:00	5326.000	5326.500	5321.500	5321.500	5563	24134	1
2025.12.04	11:00:00	5321.500	5322.000	5318.500	5321.500	9991	48487	1
2025.12.04	11:05:00	5321.500	5322.500	5320.500	5321.000	3660	14070	1
2025.12.04	11:10:00	5321.000	5324.000	5319.500	5323.000	4984	21068	1
2025.12.04	11:15:00	5323.000	5323.500	5318.500	5319.500	6637	26802	1
2025.12.04	11:20:00	5319.500	5320.500	5319.000	5319.500	2536	11719	1
2025.12.04	11:25:00	5319.500	5324.000	5319.500	5323.000	4583	18978	1
2025.12.04	11:30:00	5323.000	5324.000	5321.500	5323.000	3154	11362	1
2025.12.04	11:35:00	5323.000	5325.500	5322.500	5325.000	4743	14764	1
2025.12.04	11:40:00	5325.500	5326.500	5324.000	5324.000	5467	21288	1
2025.12.04	11:45:00	5324.000	5325.500	5323.500	5324.500	3346	9874	1
2025.12.04	11:50:00	5324.500	5326.500	5321.500	5322.000	4755	22193	1
2025.12.04	11:55:00	5322.000	5326.500	5320.000	5326.000	6299	30645	1
2025.12.04	12:00:00	5326.500	5326.500	5322.500	5324.500	6135	39432	1
2025.12.04	12:05:00	5324.500	5327.500	5323.500	5327.500	5653	26000	1
2025.12.04	12:10:00	5327.000	5327.500	5325.000	5325.500	2682	11666	1
2025.12.04	12:15:00	5325.500	5325.500	5323.000	5324.500	3099	13970	1
2025.12.04	12:20:00	5324.500	5326.000	5324.000	5324.500	1631	6127	1
2025.12.04	12:25:00	5324.500	5326.000	5324.000	5324.000	2283	6565	1
2025.12.04	12:30:00	5324.000	5325.000	5323.500	5324.500	2027	5491	1
2025.12.04	12:35:00	5325.000	5328.000	5324.500	5324.500	4470	19376	1
2025.12.04	12:40:00	5325.000	5325.000	5322.000	5323.500	3982	15692	1
2025.12.04	12:45:00	5323.500	5325.000	5323.000	5323.500	1874	7197	1
2025.12.04	12:50:00	5324.000	5324.000	5322.500	5323.000	1784	7789	1
2025.12.04	12:55:00	5323.500	5325.000	5322.000	5323.000	4304	29152	1
2025.12.04	13:00:00	5323.000	5325.500	5322.500	5323.500	6876	45345	1
2025.12.04	13:05:00	5323.500	5325.000	5323.000	5323.500	3199	18375	1
2025.12.04	13:10:00	5323.500	5325.500	5323.000	5324.500	1486	7413	1
2025.12.04	13:15:00	5324.000	5325.000	5323.000	5324.500	1358	4800	1
2025.12.04	13:20:00	5325.000	5326.500	5323.500	5326.500	2391	13304	1
2025.12.04	13:25:00	5326.500	5331.500	5326.000	5329.500	8133	39005	1
2025.12.04	13:30:00	5329.500	5330.500	5326.000	5327.500	4037	16477	1
2025.12.04	13:35:00	5328.000	5331.500	5327.500	5330.000	4445	23355	1
2025.12.04	13:40:00	5330.500	5333.500	5330.000	5332.000	5004	20020	1
2025.12.04	13:45:00	5332.500	5334.500	5329.000	5330.000	5371	26988	1
2025.12.04	13:50:00	5330.000	5331.500	5329.500	5330.500	2862	16669	1
2025.12.04	13:55:00	5330.500	5333.500	5329.000	5333.000	2383	9528	1
2025.12.04	14:00:00	5333.500	5333.500	5331.500	5332.500	1735	8024	1
2025.12.04	14:05:00	5332.500	5334.000	5332.000	5333.500	1843	7014	1
2025.12.04	14:10:00	5333.000	5334.000	5332.500	5333.000	1166	4528	1
2025.12.04	14:15:00	5333.000	5336.000	5332.000	5335.500	3658	15834	1
2025.12.04	14:20:00	5336.000	5338.500	5335.500	5337.000	5087	24482	1
2025.12.04	14:25:00	5337.500	5338.000	5334.500	5336.500	3834	18660	1
2025.12.04	14:30:00	5336.500	5342.000	5336.000	5341.000	6960	30267	1
2025.12.04	14:35:00	5341.500	5341.500	5338.000	5339.500	4432	20660	1
2025.12.04	14:40:00	5339.500	5342.500	5339.500	5340.500	4404	20921	1
2025.12.04	14:45:00	5340.500	5342.000	5339.500	5340.000	2637	11196	1
2025.12.04	14:50:00	5339.500	5341.000	5337.500	5340.000	3374	16895	1
2025.12.04	14:55:00	5340.500	5341.000	5339.000	5339.500	1404	4571	1
2025.12.04	15:00:00	5339.000	5341.000	5339.000	5341.000	1902	6934	1
2025.12.04	15:05:00	5341.000	5342.500	5340.000	5341.000	2335	11267	1
2025.12.04	15:10:00	5341.000	5342.500	5340.500	5341.500	2686	12481	1
2025.12.04	15:15:00	5341.000	5347.000	5340.000	5344.000	8517	43272	1
2025.12.04	15:20:00	5344.000	5345.500	5344.000	5344.500	2242	10682	1
2025.12.04	15:25:00	5344.000	5346.500	5344.000	5345.000	1849	7364	1
2025.12.04	15:30:00	5345.000	5347.000	5344.000	5345.500	2001	9870	1
2025.12.04	15:35:00	5345.500	5346.000	5342.000	5343.500	3201	15518	1
2025.12.04	15:40:00	5343.500	5344.000	5341.000	5342.500	3967	17155	1
2025.12.04	15:45:00	5343.000	5344.500	5342.000	5344.000	2117	8783	1
2025.12.04	15:50:00	5343.500	5344.000	5341.000	5341.000	3438	17443	1
2025.12.04	15:55:00	5341.500	5342.000	5339.500	5341.500	5207	25663	1
2025.12.04	16:00:00	5341.500	5344.000	5341.500	5343.000	2852	13778	1
2025.12.04	16:05:00	5343.500	5344.000	5342.500	5344.000	1862	7431	1
2025.12.04	16:10:00	5343.500	5345.000	5343.000	5344.000	1508	6688	1
2025.12.04	16:15:00	5344.500	5347.000	5343.500	5344.500	5880	31909	1
2025.12.04	16:20:00	5344.500	5345.000	5342.000	5342.500	4841	29509	1
2025.12.04	16:25:00	5342.000	5342.500	5338.500	5339.500	5371	30545	1
2025.12.04	16:30:00	5339.000	5339.500	5335.500	5335.500	4187	19997	1
2025.12.04	16:35:00	5336.000	5337.500	5335.000	5337.500	2629	11988	1
2025.12.04	16:40:00	5337.500	5340.500	5337.000	5339.500	2924	13572	1
2025.12.04	16:45:00	5339.500	5340.500	5339.000	5340.000	1645	5875	1
2025.12.04	16:50:00	5340.500	5340.500	5339.000	5340.500	1492	5170	1
2025.12.04	16:55:00	5340.000	5340.500	5339.000	5340.500	1505	6375	1
2025.12.04	17:00:00	5340.500	5341.500	5340.000	5341.000	2231	7799	1
2025.12.04	17:05:00	5341.000	5342.000	5340.000	5340.500	1769	6187	1
2025.12.04	17:10:00	5340.500	5341.000	5340.000	5340.500	802	4250	1
2025.12.04	17:15:00	5340.000	5342.500	5340.000	5342.000	2185	9902	1
2025.12.04	17:20:00	5342.000	5343.500	5341.500	5342.500	2644	11201	1
2025.12.04	17:25:00	5343.000	5343.500	5342.500	5342.500	873	3176	1
2025.12.04	17:30:00	5342.500	5342.500	5340.500	5341.000	1412	7887	1
2025.12.04	17:35:00	5341.500	5343.500	5341.000	5343.000	1212	6000	1
2025.12.04	17:40:00	5343.000	5343.000	5342.000	5342.000	773	2542	1
2025.12.04	17:45:00	5342.500	5344.000	5342.000	5343.500	1455	6609	1
2025.12.04	17:50:00	5343.500	5344.500	5342.500	5344.000	1523	5743	1
2025.12.04	17:55:00	5343.500	5344.000	5342.500	5343.000	1706	7490	1
2025.12.04	18:00:00	5343.000	5344.500	5342.500	5343.500	837	3289	1
2025.12.04	18:05:00	5343.500	5344.000	5342.500	5342.500	745	2847	1
2025.12.04	18:10:00	5343.000	5343.500	5340.500	5341.000	1855	11143	1
2025.12.04	18:15:00	5341.000	5342.500	5339.500	5340.500	1790	11425	1
2025.12.04	18:20:00	5341.000	5342.000	5340.000	5341.000	531	2863	1
2025.12.04	18:25:00	5341.000	5341.500	5339.500	5341.000	635	5361	1
